,Source,ddof1,ddof2,F,p-unc,np2
0,question,14,660,12.8439357667375,5.800766260224559e-27,0.21411272621449254
