,Source,ddof1,ddof2,F,p-unc,np2
0,question,14,660,13.575291403676122,1.37353808645317e-28,0.22357881010275318
