,Source,ddof1,ddof2,F,p-unc,np2
0,question,14,660,11.473600913801286,7.002121194210592e-24,0.19574026296012206
