,Source,SS,DF,MS,F,p-unc,np2
0,question,720.5995061728395,14,51.471393298059965,36.327280051781806,5.064752141051103e-88,0.20436615587755738
1,context,2.0276543209876534,2,1.0138271604938267,0.7155349957225686,0.4890568496672427,0.0007222406134225583
2,question * context,31.4686419753084,28,1.1238800705467287,0.793207711144399,0.7704922121612692,0.011092651597018666
3,Residual,2805.4222222222224,1980,1.4168799102132437,,,
