,Source,ddof1,ddof2,F,p-unc,np2
0,question,1,88,19.89638386648122,2.4058898471204024e-05,0.1844026940801134
