,Source,ddof1,ddof2,F,p-unc,np2
0,question,1,88,19.096446700507613,3.388762243087758e-05,0.17831074035453595
