,Source,ddof1,ddof2,F,p-unc,np2
0,question,1,88,29.442379182156124,5.016820862972437e-07,0.2506963788300835
