,Source,SS,DF,MS,F,p-unc,np2
0,question,104.53333333333336,1,104.53333333333336,66.70190138575573,1.3128396127761118e-14,0.20169796758425526
1,context,10.066666666666663,2,5.033333333333331,3.211730583306476,0.04186604114604381,0.02375334277174767
2,question * context,0.466666666666697,2,0.2333333333333485,0.14888817273607155,0.8617377686456097,0.0011266698857235562
3,Residual,413.73333333333335,264,1.5671717171717172,,,
