,Source,SS,DF,MS,F,p-unc,np2
0,question,134.18333333333334,3,44.72777777777778,26.582920606333484,5.016468176315366e-16,0.1312199494743705
1,context,2.6037037037037027,2,1.3018518518518514,0.7737255490519783,0.4618135917639721,0.0029222142319730963
2,question * context,10.833333333333258,6,1.805555555555543,1.073090199609778,0.3774270842360476,0.012047299551469687
3,Residual,888.4,528,1.6825757575757576,,,
