,Source,ddof1,ddof2,F,p-unc,np2
0,question,3,176,12.604798366513524,1.6716965963379456e-07,0.17685617042732885
