,Source,ddof1,ddof2,F,p-unc,np2
0,question,3,176,11.002259190798933,1.1728356007606625e-06,0.15792204423114342
