,Source,ddof1,ddof2,F,p-unc,np2
0,question,3,176,5.409214870101908,0.001391470223556226,0.08441889117043119
