,Source,ddof1,ddof2,F,p-unc,np2
0,question,1,88,14.775813953488372,0.00022831814476362977,0.14376742333731582
