,Source,ddof1,ddof2,F,p-unc,np2
0,question,1,88,10.205457463884429,0.001944085863221865,0.10391945343401651
