,Source,SS,DF,MS,F,p-unc,np2
0,question,37.03703703703704,1,37.03703703703704,30.282174810736404,8.834102281074363e-08,0.1029018316526034
1,context,0.11851851851851886,2,0.05925925925925943,0.04845147969717838,0.9527120332639717,0.0003669219832133203
2,question * context,0.5629629629629562,2,0.2814814814814781,0.23014452856159393,0.7945779937300634,0.001740484587550934
3,Residual,322.8888888888889,264,1.2230639730639732,,,
