,Source,ddof1,ddof2,F,p-unc,np2
0,question,1,88,6.575676706061762,0.012033840177607563,0.06952820148989004
