,Source,ddof1,ddof2,F,p-unc,np2
0,question,3,176,16.956363983576814,1.0161892855694839e-09,0.2242222222222222
