,Source,ddof1,ddof2,F,p-unc,np2
0,question,3,176,14.257472384665366,2.331360057036941e-08,0.19551101418735142
