,Source,SS,DF,MS,F,p-unc,np2
0,question,126.13888888888886,3,42.04629629629628,42.726028568984674,9.867953020961542e-25,0.19534039386404892
1,context,0.5148148148148146,2,0.2574074074074073,0.26156872808143006,0.7699426605805589,0.000989809942249218
2,question * context,1.1000000000001364,6,0.18333333333335608,0.18629715165514243,0.9806147607183698,0.002112540810447736
3,Residual,519.6,528,0.9840909090909091,,,
