,Contrast,A,B,Paired,Parametric,T,dof,Tail,p-unc,p-corr,p-adjust,BF10,hedges
0,question,"Object 
 (Meds)","Object 
 (Sexual)",False,True,2.0685973091895398,88.0,two-sided,0.041518328743262195,0.24910997245957317,bonf,1.418,0.43237126542062815
1,question,"Object 
 (Meds)","Object 
 (Mess)",False,True,-3.4538967745182276,88.0,two-sided,0.0008519573238685193,0.005111743943211116,bonf,34.343,-0.7219219093037306
2,question,"Object 
 (Meds)","Object 
 (License)",False,True,1.4429435016025391,88.0,two-sided,0.15258657480662163,0.9155194488397298,bonf,0.549,0.3015992068377949
3,question,"Object 
 (Sexual)","Object 
 (Mess)",False,True,-5.929492263648963,88.0,two-sided,5.835461372025689e-08,3.5012768232154136e-07,bonf,1.897e+05,-1.2393625680293379
4,question,"Object 
 (Sexual)","Object 
 (License)",False,True,-0.6178020632152145,88.0,two-sided,0.538301367682321,1.0,bonf,0.261,-0.12913091333203597
5,question,"Object 
 (Mess)","Object 
 (License)",False,True,5.144184430204394,88.0,two-sided,1.6132705255811345e-06,9.679623153486806e-06,bonf,8991.257,1.0752201609099017
