,Source,ddof1,ddof2,F,p-unc,np2
0,question,3,176,12.267578125000002,2.5109933500330543e-07,0.17294295810196872
