,Source,ddof1,ddof2,F,p-unc,np2
0,context,2,132,1.6968398500267807,0.18723438845086648,0.02506527415143603
