,Source,ddof1,ddof2,F,p-unc,np2
0,variable,2,132,1.6553398058252415,0.1949676187243824,0.02446724546172058
