,Source,ddof1,ddof2,F,p-unc,np2,eps
0,context,2,88,5.052300432559974,0.008373462229248814,0.10299823633156975,0.9612397443194146
