,Source,ddof1,ddof2,F,p-unc,np2
0,context,2,132,1.4419753086419755,0.2401602589263035,0.021380976788460133
