,Source,ddof1,ddof2,F,p-unc,np2
0,variable,2,132,2.2640289138291805,0.1079526361082423,0.03316576753310447
