,Source,ddof1,ddof2,F,p-unc,np2
0,context,2,132,1.0870817637934858,0.340198419903138,0.016204040110449066
