,Source,ddof1,ddof2,F,p-unc,p-GG-corr,np2,eps,sphericity,W-spher,p-spher
0,context,2,88,5.731308411214953,0.004573016868774723,0.006674305257311994,0.1152454780361757,0.875382147000114,False,0.8576417700235829,0.03681945669908391
