,Source,ddof1,ddof2,F,p-unc,np2,eps
0,context,2,88,0.7044334975369457,0.4971547010447468,0.01575757575757576,0.9057072369324706
