,Source,ddof1,ddof2,F,p-unc,np2
0,context,2,132,0.1746387136169347,0.8399540678413437,0.002639058059277305
