,Source,ddof1,ddof2,F,p-unc,np2
0,context,2,132,0.3787375415282391,0.6854669472082442,0.005705705705705704
