,Source,ddof1,ddof2,F,p-unc,p-GG-corr,np2,eps,sphericity,W-spher,p-spher
0,context,2,88,3.5423728813559245,0.033140586620965556,0.04575318413727342,0.07450980392156847,0.7706442328978244,False,0.7023843723068061,0.0005027580854958464
