,Source,ddof1,ddof2,F,p-unc,np2,eps
0,context,2,88,0.9999999999999928,0.37202074598372015,0.022222222222222063,0.5000000000002841
