,Source,ddof1,ddof2,F,p-unc,np2
0,variable,2,132,0.045220966084275116,0.9558010624857931,0.0006846970215679513
