,Source,ddof1,ddof2,F,p-unc,np2
0,variable,2,132,0.06323353293413175,0.9387526427243391,0.0009571667863125154
