,Source,ddof1,ddof2,F,p-unc,np2
0,context,2,132,0.018215690333264298,0.9819516804593642,0.00027591915568738303
