,Source,ddof1,ddof2,F,p-unc,p-GG-corr,np2,eps,sphericity,W-spher,p-spher
0,context,2,88,0.06025333789798007,0.9415647874497963,0.8863989855567077,0.001367521367521366,0.7140430440639671,False,0.5995242047194856,1.6704924438997978e-05
