,Source,ddof1,ddof2,F,p-unc,p-GG-corr,np2,eps,sphericity,W-spher,p-spher
0,context,2,88,4.292682926829287,0.01663945469424585,0.029177818288540307,0.08888888888888924,0.7131947390752403,False,0.5978584176085657,1.5734918174529723e-05
