,Source,ddof1,ddof2,F,p-unc,np2
0,context,2,132,0.3505976095617529,0.704920892222969,0.0052840158520475545
