,Source,ddof1,ddof2,F,p-unc,np2
0,variable,2,132,0.26937134502923965,0.7642784199246578,0.004064794030212945
