,Source,ddof1,ddof2,F,p-unc,np2,eps
0,context,2,88,0.9290891900409691,0.3987518613466907,0.020679012345678975,0.9459376118364397
