,Source,ddof1,ddof2,F,p-unc,p-GG-corr,np2,eps,sphericity,W-spher,p-spher
0,context,2,88,0.46107784431137716,0.6321182722049559,0.5656473558465558,0.010370370370370368,0.706466464437889,False,0.5845046434077931,9.681469038237907e-06
