,Source,ddof1,ddof2,F,p-unc,np2
0,variable,2,132,0.7567180222142605,0.47122817639328796,0.01133545873184556
