,Source,ddof1,ddof2,F,p-unc,np2
0,variable,2,132,0.06547619047619047,0.9366517472319077,0.0009910802775024777
