,Source,ddof1,ddof2,F,p-unc,np2
0,variable,2,132,0.35222245628818166,0.7037824902335269,0.0053083746594957
