,Source,SS,DF,MS,F,p-unc,np2
0,question,326.00370370370365,9,36.22263374485596,28.364591389533377,2.3775874746470714e-45,0.16205443361679953
1,context,0.8903703703703691,2,0.4451851851851846,0.34860788863109,0.7057347256666029,0.0005279149292760881
2,question * context,18.176296296296186,18,1.0097942386831216,0.790732147460681,0.7131446731958564,0.01066768454120429
3,Residual,1685.688888888889,1320,1.2770370370370372,,,
