,Source,ddof1,ddof2,F,p-unc,np2
0,question,9,440,10.709118298304839,4.428268781387391e-15,0.17968920109473036
