,Source,ddof1,ddof2,F,p-unc,np2
0,question,9,440,8.75988962063706,3.7649393822469705e-12,0.1519527359836352
