,Source,ddof1,ddof2,F,p-unc,np2
0,question,9,440,10.478913436791276,9.762570120670671e-15,0.17650836019339242
